country_code,country_name,host,ip_address,port,speed_ms,speed_status
EU,,eu14.sec-tunnel.com,77.111.247.43,443,566,ok
EU,,eu15.sec-tunnel.com,77.111.247.44,443,577,ok
EU,,eu17.sec-tunnel.com,77.111.247.55,443,587,ok
EU,,eu13.sec-tunnel.com,77.111.247.233,443,600,ok
EU,,eu16.sec-tunnel.com,77.111.247.46,443,606,ok
EU,,eu19.sec-tunnel.com,77.111.247.57,443,607,ok
EU,,eu12.sec-tunnel.com,77.111.247.232,443,622,ok
EU,,eu18.sec-tunnel.com,77.111.247.56,443,651,ok
AM,,am1.sec-tunnel.com,77.111.246.14,443,1269,ok
AM,,am2.sec-tunnel.com,77.111.246.60,443,1269,ok
AM,,am0.sec-tunnel.com,77.111.246.126,443,1427,ok
EU,,eu11.sec-tunnel.com,77.111.244.37,443,1429,ok
EU,,eu10.sec-tunnel.com,77.111.244.210,443,1535,ok
AS,,as8.sec-tunnel.com,77.111.245.16,443,2200,ok
AS,,as5.sec-tunnel.com,77.111.245.10,443,2263,ok
AS,,as7.sec-tunnel.com,77.111.245.15,443,2359,ok
AS,,as6.sec-tunnel.com,77.111.245.12,443,2430,ok
AS,,as9.sec-tunnel.com,77.111.245.17,443,3300,ok
AM,,am3.sec-tunnel.com,77.111.246.62,443,11270,ok
AM,,am4.sec-tunnel.com,77.111.246.64,443,11654,ok
